<?xml version="1.0" encoding="UTF-8" standalone="yes"?>
<addon id="plugin.video.minecraft"
	name="Minecraft YouTube"
	version="1.0.2"
	provider-name="KAOSbox">
  <requires>
    <import addon="xbmc.python" version="2.1.0"/>
    <import addon="script.module.addon.common" version="2.0.0"/>
    <import addon="plugin.video.youtube" version="5.0.0"/>
  </requires>
  <extension point="xbmc.python.pluginsource" library="default.py">
    <provides>video</provides>
  </extension>
  <extension point="xbmc.addon.metadata">
    <summary lang="en">Minecraft YouTube Channels</summary>
    <description lang="en">Selection of the best English and Dutch Minecraft YouTube channels.</description>
    <platform>all</platform>
    <website>http://www.kaosbox.tv/</website>
  </extension>
</addon>
