<?xml version="1.0" encoding="UTF-8" standalone="yes"?>
<addon id="plugin.video.EnzoKnol"
	name="EnzoKnol"
	version="1.0.1"
	provider-name="KAOSbox">
  <requires>
    <import addon="xbmc.python" version="2.1.0"/>
    <import addon="script.module.addon.common" version="2.0.0"/>
    <import addon="plugin.video.youtube" version="5.0.0"/>
  </requires>
  <extension point="xbmc.python.pluginsource" library="default.py">
    <provides>video</provides>
  </extension>
  <extension point="xbmc.addon.metadata">
    <summary lang="nl">EnzoKnol</summary>
    <description lang="nl">Elke dag komt er een vlog online om 16.00! En elke dag om 19.00 een Minecraft video.</description>
    <platform>all</platform>
    <website>http://www.kaosbox.tv/</website>
  </extension>
</addon>
