<?xml version="1.0" encoding="UTF-8" standalone="yes"?>
<addon id="plugin.video.bobross"
	name="Bob Ross - The Joy of Painting"
	version="1.0.2"
	provider-name="KAOSbox">
  <requires>
    <import addon="xbmc.python" version="2.1.0"/>
    <import addon="script.module.addon.common" version="2.0.0"/>
    <import addon="plugin.video.youtube" version="5.0.0"/>
  </requires>
  <extension point="xbmc.python.pluginsource" library="default.py">
    <provides>video</provides>
  </extension>
  <extension point="xbmc.addon.metadata">
    <summary lang="en">Bob Ross - "The Joy of Painting"</summary>
    <description lang="en">Video's of the official YouTube channel for "The Joy of Painting" and Bob Ross. Happy painting!</description>
    <platform>all</platform>
    <website>http://www.kaosbox.tv/</website>
  </extension>
</addon>
