<?xml version="1.0" encoding="UTF-8" standalone="yes"?>
<addon id="plugin.video.tboneradio" name="Tbone Radio" version="1.0.2" provider-name="KAOSbox">
  <requires>
    <import addon="xbmc.python" version="2.1.0"/>
    <import addon="script.module.xbmcswift2" version="2.4.0"/>
  </requires>
  <extension point="xbmc.python.pluginsource" library="addon.py">
     <provides>video</provides>
  </extension>
  <extension point="xbmc.addon.metadata">
    <summary lang="en">Tbone Radio and Live Stream</summary>
    <description lang="en">Streams Tbone Radio audio stream and the Live Ustream.</description>
    <platform>all</platform>
    <language>en</language>
    <license>GNU GENERAL PUBLIC LICENSE. Version 3, June 2007</license>
    <website>http://www.tboneradio.nl/</website>
  </extension>
</addon>
