<?xml version="1.0" encoding="UTF-8" standalone="yes"?>
<addon
  id="plugin.video.superchillin"
  version="1.0.7"
  name="Superchillin"
  provider-name="KAOSbox">
  <requires>
        <import addon="xbmc.python" version="2.1.0" optional="true" />
	<import addon="script.module.simplejson" />
	<import addon="script.module.t0mm0.common" version="1.1.0"/>
  </requires>
  <extension point="xbmc.python.pluginsource"
            library="default.py">
        <provides>video</provides>
  </extension>
  <extension point="xbmc.addon.metadata">
    <summary>Superchillin</summary>
    <description>Watch Superchillin Videos</description>
    <platform>all</platform>
  </extension>
</addon>