<?xml version="1.0" encoding="UTF-8" standalone="yes"?>
<addon id="plugin.video.stuktv"
	name="stuk.tv"
	version="3.0.1"
	provider-name="KAOSbox">
  <requires>
    <import addon="xbmc.python" version="2.1.0"/>
    <import addon="script.module.addon.common" version="2.0.0"/>
    <import addon="plugin.video.youtube" version="5.0.0"/>
  </requires>
  <extension point="xbmc.python.pluginsource" library="default.py">
    <provides>video</provides>
  </extension>
  <extension point="xbmc.addon.metadata">
    <summary lang="nl">Stuk.tv - iedere woensdag een nieuwe video!</summary>
    <description lang="nl">StukTV gaat compleet stuk voor jou! Jij bepaalt welke onzinnigheden Giel, Thomas en Stefan iedere week moeten uithalen. Op www.stuk.tv komen alle belachelijke opdrachten bij elkaar en bepaalt de hoeveelheid stemmen welke stunt wij dit keer moeten uithalen.</description>
    <platform>all</platform>
    <website>http://www.kaosbox.tv/</website>
  </extension>
</addon>