<includes>
	<include name="CommonBackground">
		<control type="image">
			<description>Normal Default Background Image</description>
			<left>0</left>
			<top>0</top>
			<width>1280</width>
			<height>720</height>
			<aspectratio>scale</aspectratio>
			<texture>$INFO[Skin.CurrentTheme,special://skin/backgrounds/,.jpg]</texture>
			<visible>![Skin.HasSetting(UseCustomBackground) + !IsEmpty(Skin.String(CustomBackgroundPath))]</visible>
			<visible>![!Skin.HasSetting(HideBackGroundFanart) + !IsEmpty(ListItem.Art(fanart))]</visible>
			<visible>!Skin.HasSetting(SeparateBackdrops)|!Window.IsVisible(Home)</visible>
			<include>VisibleFadeEffect</include>
		</control>
		<control type="image">
			<description>User Set Background Image</description>
			<left>0</left>
			<top>0</top>
			<width>1280</width>
			<height>720</height>
			<aspectratio>scale</aspectratio>
			<texture>$INFO[Skin.String(CustomBackgroundPath)]</texture>
			<visible>Skin.HasSetting(UseCustomBackground) + !IsEmpty(Skin.String(CustomBackgroundPath))</visible>
			<include>VisibleFadeEffect</include>
		</control>
		<control type="multiimage">
			<left>0</left>
			<top>0</top>
			<width>1280</width>
			<height>720</height>
			<imagepath background="true">$INFO[Container(9000).ListItem.Icon]</imagepath>
			<timeperimage>8000</timeperimage>
			<randomize>true</randomize>
			<fadetime>300</fadetime>
			<visible>Skin.HasSetting(SeparateBackdrops)</visible>
		</control>		
		<control type="image">
			<left>0</left>
			<top>0</top>
			<width>1280</width>
			<height>720</height>
			<aspectratio>scale</aspectratio>
			<texture background="true">$INFO[ListItem.Art(fanart)]</texture>
			<include>backgroundfade</include>
			<fadetime>FanartCrossfadeTime</fadetime>
			<visible>!Skin.HasSetting(HideBackGroundFanart) + !IsEmpty(ListItem.Art(fanart))</visible>
			<include>Window_OpenClose_Animation</include>
			<visible>![Player.HasVideo + !Skin.HasSetting(ShowBackgroundVideo)]</visible>
		</control>
		<control type="image">
			<left>0</left>
			<top>0</top>
			<width>1280</width>
			<height>720</height>
			<texture>special://skin/backgrounds/media-overlay.jpg</texture>
			<visible>[Player.HasVideo + !Skin.HasSetting(ShowBackgroundVideo)] + ![Window.IsVisible(PVR) + [Control.IsVisible(11) | Control.IsVisible(12)]]</visible>
			<include>VisibleFadeEffect</include>
		</control>
		<control type="visualisation">
			<left>0</left>
			<top>0</top>
			<width>1280</width>
			<height>720</height>
			<visible>Player.HasAudio + !Skin.HasSetting(ShowBackgroundVis) + ![Window.IsVisible(PVR) + [Control.IsVisible(11) | Control.IsVisible(12)]]</visible>
			<visible>!SubString(Window(videolibrary).Property(TvTunesIsAlive),True)</visible>
		</control>
		<control type="image">
			<description>Fanart Image for Artist</description>
			<left>0</left>
			<top>0</top>
			<width>1280</width>
			<height>720</height>
			<texture background="true">$INFO[Player.Art(fanart)]</texture>
			<visible>!IsEmpty(Player.Art(fanart)) + Skin.HasSetting(FanartInHome) + Player.HasAudio</visible>
			<visible>!Window.IsVisible(musiclibrary)+!Window.IsVisible(videolibrary)</visible>
			<fadetime>600</fadetime>
		</control>			
		<control type="videowindow">
			<left>0</left>
			<top>0</top>
			<width>1280</width>
			<height>720</height>
			<visible>Player.HasVideo + !Skin.HasSetting(ShowBackgroundVideo) + ![Window.IsVisible(PVR) + [Control.IsVisible(11) | Control.IsVisible(12)]]</visible>
		</control>
		<control type="image">
			<left>-10</left>
			<top>-40</top>
			<width>1300</width>
			<height>120</height>
			<colordiffuse>fanartdiffuse</colordiffuse>
			<texture flipy="true" border="4">HomeNowPlayingBack.png</texture>
			<visible>[Player.HasVideo + !Skin.HasSetting(ShowBackgroundVideo)] | [Player.HasAudio + ![Skin.HasSetting(ShowBackgroundVis) | SubString(Window(videolibrary).Property(TvTunesIsAlive),True)]] | [!Skin.HasSetting(HideBackGroundFanart) + !IsEmpty(ListItem.Property(Fanart_Image))]</visible>
			<include>VisibleFadeEffect</include>
		</control>
	</include>
	<include name="ContentPanelBackgrounds">
		<control type="image">
			<left>0</left>
			<top>100r</top>
			<width>1280</width>
			<height>100</height>
			<texture>floor.png</texture>
			<animation effect="slide" start="0,10" end="0,0" time="200" condition="Window.Previous(Home)">WindowOpen</animation>
			<animation effect="slide" start="0,0" end="0,10" time="200" condition="Window.Next(Home)">WindowClose</animation>
			<visible>!Control.IsVisible(724) + !Control.IsVisible(502) + !Control.IsVisible(543) + !Control.IsVisible(562) + !Control.IsVisible(727) + !Control.IsVisible(723) + !Control.IsVisible(733) + !Control.IsVisible(519) + !Control.IsVisible(555) + !Control.IsVisible(547)</visible>
		</control>
		<control type="group">
			<include>Window_OpenClose_Animation</include>
			<control type="group">
				<include>VisibleFadeEffect</include>
				<visible>Control.IsVisible(50)</visible>
				<control type="image">
					<left>50</left>
					<top>60</top>
					<width>750</width>
					<height>600</height>
					<texture border="15">ContentPanel.png</texture>
				</control>
				<control type="image">
					<left>50</left>
					<top>652</top>
					<width>750</width>
					<height>64</height>
					<texture border="15">ContentPanelMirror.png</texture>
				</control>
			</control>
			<control type="group">
				<include>VisibleFadeEffect</include>
				<visible>Control.IsVisible(504) | Control.IsVisible(550) | Control.IsVisible(512)</visible>
				<control type="image">
					<left>50</left>
					<top>60</top>
					<width>640</width>
					<height>600</height>
					<texture border="15">ContentPanel.png</texture>
				</control>
				<control type="image">
					<left>50</left>
					<top>652</top>
					<width>640</width>
					<height>64</height>
					<texture border="15">ContentPanelMirror.png</texture>
				</control>
				<control type="image">
					<left>700</left>
					<top>60</top>
					<width>530</width>
					<height>600</height>
					<texture border="15">ContentPanel.png</texture>
				</control>
				<control type="image">
					<left>700</left>
					<top>652</top>
					<width>530</width>
					<height>64</height>
					<texture border="15">ContentPanelMirror.png</texture>
				</control>
			</control>
			<control type="group">
				<include>VisibleFadeEffect</include>
				<visible>Control.IsVisible(551) | Control.IsVisible(560) | Control.IsVisible(511) | Control.IsVisible(506) | Control.IsVisible(513)</visible>
				<control type="image">
					<left>50</left>
					<top>60</top>
					<width>840</width>
					<height>600</height>
					<texture border="15">ContentPanel.png</texture>
				</control>
				<control type="image">
					<left>50</left>
					<top>652</top>
					<width>840</width>
					<height>64</height>
					<texture border="15">ContentPanelMirror.png</texture>
				</control>
				<control type="image">
					<left>900</left>
					<top>60</top>
					<width>330</width>
					<height>600</height>
					<texture border="15">ContentPanel.png</texture>
				</control>
				<control type="image">
					<left>900</left>
					<top>652</top>
					<width>330</width>
					<height>64</height>
					<texture border="15">ContentPanelMirror.png</texture>
				</control>
			</control>
			<control type="group">
				<include>VisibleFadeEffect</include>
				<visible>Control.IsVisible(501)</visible>
				<control type="image">
					<left>50</left>
					<top>50</top>
					<width>1180</width>
					<height>610</height>
					<texture border="15">ContentPanel.png</texture>
				</control>
				<control type="image">
					<left>50</left>
					<top>652</top>
					<width>1180</width>
					<height>64</height>
					<texture border="15">ContentPanelMirror.png</texture>
				</control>
			</control>
			<control type="group">
				<include>VisibleFadeEffect</include>
				<visible>Control.IsVisible(503)</visible>
				<control type="image">
					<left>50</left>
					<top>230</top>
					<width>640</width>
					<height>430</height>
					<texture border="15">ContentPanel.png</texture>
				</control>
				<control type="image">
					<left>50</left>
					<top>652</top>
					<width>640</width>
					<height>64</height>
					<texture border="15">ContentPanelMirror.png</texture>
				</control>
				<control type="image">
					<left>700</left>
					<top>230</top>
					<width>550</width>
					<height>430</height>
					<texture border="15">ContentPanel.png</texture>
				</control>
				<control type="image">
					<left>700</left>
					<top>652</top>
					<width>550</width>
					<height>64</height>
					<texture border="15">ContentPanelMirror.png</texture>
				</control>
			</control>
			<control type="group">
				<include>VisibleFadeEffect</include>
				<visible>Control.IsVisible(51) | Control.IsVisible(500) | Control.IsVisible(505)</visible>
				<control type="image">
					<left>75</left>
					<top>60</top>
					<width>1130</width>
					<height>600</height>
					<texture border="15">ContentPanel.png</texture>
				</control>
				<control type="image">
					<left>75</left>
					<top>652</top>
					<width>1130</width>
					<height>64</height>
					<texture border="15">ContentPanelMirror.png</texture>
				</control>
			</control>
			<control type="group">
				<include>VisibleFadeEffect</include>
				<visible>Control.IsVisible(514)</visible>
				<control type="image">
					<left>50</left>
					<top>60</top>
					<width>490</width>
					<height>600</height>
					<texture border="15">ContentPanel.png</texture>
				</control>
				<control type="image">
					<left>50</left>
					<top>652</top>
					<width>490</width>
					<height>64</height>
					<texture border="15">ContentPanelMirror.png</texture>
				</control>
				<control type="image">
					<left>550</left>
					<top>60</top>
					<width>680</width>
					<height>600</height>
					<texture border="15">ContentPanel.png</texture>
				</control>
				<control type="image">
					<left>550</left>
					<top>652</top>
					<width>680</width>
					<height>64</height>
					<texture border="15">ContentPanelMirror.png</texture>
				</control>
			</control>
			<control type="group">
				<include>VisibleFadeEffect</include>
				<visible>Control.IsVisible(515)</visible>
				<control type="image">
					<left>50</left>
					<top>60</top>
					<width>400</width>
					<height>600</height>
					<texture border="15">ContentPanel.png</texture>
				</control>
				<control type="image">
					<left>50</left>
					<top>652</top>
					<width>400</width>
					<height>64</height>
					<texture border="15">ContentPanelMirror.png</texture>
				</control>
				<control type="image">
					<left>460</left>
					<top>60</top>
					<width>770</width>
					<height>600</height>
					<texture border="15">ContentPanel.png</texture>
				</control>
				<control type="image">
					<left>460</left>
					<top>652</top>
					<width>770</width>
					<height>64</height>
					<texture border="15">ContentPanelMirror.png</texture>
				</control>
			</control>
		</control>
	</include>
	<include name="ContentPanelBackgroundsPVR">
		<control type="group">
			<include>Window_OpenClose_Animation</include>		
			<control type="group">
				<include>VisibleFadeEffect</include>
				<visible>Control.IsVisible(10) | Control.IsVisible(14) | Control.IsVisible(15) | Control.IsVisible(16) | Control.IsVisible(17)</visible>
				<control type="image">
					<left>55</left>
					<top>60</top>
					<width>1170</width>
					<height>600</height>
					<texture border="15">ContentPanel.png</texture>
				</control>
				<control type="image">
					<left>55</left>
					<top>652</top>
					<width>1170</width>
					<height>64</height>
					<texture border="15">ContentPanelMirror.png</texture>
				</control>
			</control>
			<control type="group">
				<include>VisibleFadeEffect</include>
				<visible>Control.IsVisible(11) | Control.IsVisible(12)</visible>
				<control type="image">
					<left>50</left>
					<top>60</top>
					<width>450</width>
					<height>600</height>
					<texture border="15">ContentPanel.png</texture>
				</control>
				<control type="image">
					<left>50</left>
					<top>652</top>
					<width>450</width>
					<height>64</height>
					<texture border="15">ContentPanelMirror.png</texture>
				</control>
				<control type="image">
					<left>510</left>
					<top>60</top>
					<width>730</width>
					<height>600</height>
					<texture border="15">ContentPanel.png</texture>
				</control>
				<control type="image">
					<left>510</left>
					<top>652</top>
					<width>730</width>
					<height>64</height>
					<texture border="15">ContentPanelMirror.png</texture>
				</control>
			</control>
			<control type="group">
				<include>VisibleFadeEffect</include>
				<visible>Control.IsVisible(13)</visible>
				<control type="image">
					<left>50</left>
					<top>60</top>
					<width>840</width>
					<height>600</height>
					<texture border="15">ContentPanel.png</texture>
				</control>
				<control type="image">
					<left>50</left>
					<top>652</top>
					<width>840</width>
					<height>64</height>
					<texture border="15">ContentPanelMirror.png</texture>
				</control>
				<control type="image">
					<left>900</left>
					<top>60</top>
					<width>330</width>
					<height>600</height>
					<texture border="15">ContentPanel.png</texture>
				</control>
				<control type="image">
					<left>900</left>
					<top>652</top>
					<width>330</width>
					<height>64</height>
					<texture border="15">ContentPanelMirror.png</texture>
				</control>
			</control>
		</control>
	</include>

</includes>
