<?xml version="1.0" encoding="UTF-8" standalone="yes"?>
<addon id="script.kaosboxtools"
       name="KAOSbox Tools"
       version="1.0.1"
       provider-name="KAOSbox">
  <requires>
    <import addon="xbmc.python" version="2.1.0"/>
    <import addon="repository.BlazeRepo" version="3.2" />
    <import addon="repository.exodus" version="1.0.0" />
    <import addon="repository.filmkodi.com" version="2.1.0" />
    <import addon="repository.mdrepo" version="1.0.2" />
    <import addon="repository.natko1412" version="2.0.0" />
    <import addon="repository.shani" version="2.5" />
    <import addon="repository.tknorris.beta" version="1.0.5" />
    <import addon="service.subtitles.addic7ed" version="5.0.1" />
  </requires>
  <extension point="xbmc.python.pluginsource"
            library="default.py">
    <provides>executable</provides>
  </extension>
  <extension point="xbmc.addon.metadata">
      <summary lang="en">KAOSbox Tools</summary>
      <description lang="en">Tools for the KAOSbox</description>
      <license>GNU GENERAL PUBLIC LICENSE. Version 2, June 1991</license>
  </extension>
</addon>
