<?xml version="1.0" encoding="UTF-8" standalone="yes"?>
<addon id="plugin.video.youtube" name="YouTube" version="5.1.17b" provider-name="bromix">
	<requires>
		<import addon="xbmc.python" version="2.1.0"/>
	</requires>
	<extension point="xbmc.python.pluginsource" library="default.py">
		<provides>video</provides>
	</extension>
	<extension point="xbmc.addon.metadata">
        <summary lang="en">Plugin for YouTube</summary>
        <description lang="en">YouTube is a one of the biggest video-sharing websites of the world.</description>
		<disclaimer lang="en"/>
		<language/>
		<platform>all</platform>
		<license>GNU GENERAL PUBLIC LICENSE. Version 2, June 1991</license>
		<forum>http://forum.kodi.tv/showthread.php?tid=200735</forum>
		<website>http://www.youtube.com</website>
		<email>bromix at gmx dot net</email>
		<source>https://github.com/bromix/plugin.video.youtube</source>
	</extension>
</addon>
